368,2,9,,,,,,,,,
0,1,1,3176.216064,7098.378906,46569.035156,0.000672,21.280848,224.197754,0.156795,802.821106,0.065831
1,2,1,2751.015869,6263.803711,44059.597656,0.000000,22.056967,212.937836,0.009198,939.975647,0.126183
2,3,1,3050.623779,6548.623047,40298.109375,0.000026,22.451719,223.401764,0.000000,997.580139,0.060510
3,4,1,2594.598877,6989.159180,54217.632812,0.000000,30.559263,233.222504,0.367697,2060.858887,0.149533
4,5,1,3310.786865,6060.232422,35212.757812,0.000667,18.138407,196.811325,0.073079,562.886475,0.166667
5,6,1,2933.900146,5204.903809,26191.068359,0.000166,21.112326,137.279755,0.050269,725.923706,0.176282
6,7,1,4456.074707,6598.502441,35429.261719,0.000000,22.132128,215.025162,0.000000,933.804993,0.239617
7,8,1,5208.846191,8485.979492,63556.203125,0.000018,49.318985,218.141678,0.081122,3109.769043,0.171053
8,9,1,3049.176025,7077.882324,35278.226562,0.000129,22.467434,210.907990,0.166431,861.382141,0.081325
9,10,1,3698.351562,6328.030273,30533.962891,0.000000,20.745165,210.185883,0.184764,801.255493,0.073482
10,11,1,3288.945312,5968.783203,32829.554688,0.004953,19.565250,167.160233,0.087894,664.569397,0.074194
11,12,1,2122.288086,5147.194824,41878.472656,0.108310,18.515690,215.835434,0.000000,497.947815,0.081505
12,13,1,2756.629150,6366.245605,45470.933594,0.000045,21.135679,209.103790,0.083774,730.782410,0.070336
13,14,1,2550.338623,6030.044434,43931.250000,0.000000,22.105663,209.288284,0.004396,961.682190,0.101266
14,15,1,4207.897949,7066.945801,48674.531250,0.011288,21.079287,205.413834,0.083045,740.288147,0.132716
15,16,1,3881.968750,6621.353516,41583.152344,0.005129,21.200006,167.574158,0.000000,754.494568,0.051195
16,17,1,3073.022705,5624.226562,27466.666016,0.005420,18.566181,211.169724,0.154702,503.053497,0.094156
17,18,1,3135.222412,7272.250977,45304.105469,0.000173,21.402891,214.012863,0.161625,693.851929,0.154545
18,19,1,3320.697754,6276.015625,30178.740234,0.000000,24.300318,212.393021,0.091842,1166.237915,0.109375
19,20,1,4443.317383,9286.422852,45641.699219,0.000000,22.364990,213.598038,0.000000,830.150818,0.152905
20,21,1,4372.033691,9061.271484,78203.671875,0.000063,24.201946,185.599365,0.082369,893.488342,0.115727
21,22,1,4968.843750,7112.292480,47605.816406,0.083892,19.701319,211.408096,0.164571,702.370117,0.084507
22,23,1,3982.116211,6839.602539,31206.896484,0.000000,20.505894,212.942841,0.081623,741.637085,0.121406
23,24,1,4491.422363,8883.397461,42733.644531,0.000000,20.489580,220.018875,0.000000,709.161499,0.180180
24,25,1,4719.363281,7497.767090,29855.417969,0.001057,19.895596,216.206009,0.083774,591.140564,0.202492
25,26,1,4378.486328,7774.425293,46635.410156,0.000000,19.715090,214.026001,0.173258,505.092072,0.146341
26,27,1,3482.362061,6671.862793,27458.839844,0.000000,19.455814,208.129089,0.013422,540.821655,0.133956
27,28,1,4131.266602,7398.041992,45513.535156,0.004165,24.872383,181.188965,0.096828,1072.163330,0.238710
28,29,1,1906.092896,5605.566895,42398.558594,0.000186,22.191273,218.280197,0.000000,794.828308,0.056716
29,30,1,3464.032227,7440.824219,36603.296875,0.000000,21.042765,210.273071,0.077633,685.829163,0.050000
30,31,1,2135.075928,6001.745117,45986.152344,0.000000,20.114431,127.438370,0.000000,525.699341,0.043344
31,32,1,4838.751953,6715.637207,33361.632812,0.024451,21.095730,214.303329,0.081623,651.473450,0.281818
32,33,1,3923.148926,7199.228516,30387.515625,0.000000,23.487799,214.328201,0.081623,1160.047729,0.131250
33,34,1,4276.769043,8935.493164,45093.398438,0.000948,21.321625,217.793121,0.000000,654.537964,0.154079
34,35,1,3967.407715,8953.476562,44754.593750,0.002696,22.088110,216.907181,0.131588,799.680664,0.141566
35,36,1,4721.630371,8219.139648,66447.039062,0.005107,22.243357,197.010620,0.080248,985.776367,0.161404
36,37,1,3011.127441,6435.818848,39534.722656,0.000000,21.284073,204.168213,0.000000,823.134460,0.076190
37,38,1,3162.887695,5990.490723,35724.632812,0.000000,21.603119,205.037231,0.087293,859.718262,0.163009
38,39,1,5397.893555,8941.382812,80551.531250,0.004171,19.900293,143.098480,0.088778,633.316345,0.063973
39,40,1,3754.997070,6630.201660,30481.236328,0.011473,35.723145,225.003693,0.442028,2371.504395,0.173611
40,41,1,3940.935791,6999.437988,50411.863281,0.009169,23.543428,218.975510,0.083399,992.939636,0.064309
41,42,1,4588.297363,7470.982422,47294.492188,0.008831,19.102333,222.120682,0.004620,539.387329,0.091483
42,43,1,1817.256836,5663.354492,45633.363281,0.041715,22.930202,211.785858,0.000000,940.061035,0.062112
43,44,1,3904.927490,9612.343750,47217.929688,0.255410,24.062975,222.869995,0.083045,1240.708008,0.191740
44,45,1,3927.755859,7234.016602,76139.875000,0.004131,18.730980,216.761185,0.000000,535.347107,0.087379
45,46,1,4658.474121,6943.799805,29468.828125,0.001004,21.972406,214.837830,0.089163,752.545898,0.199387
46,47,1,4556.975098,8162.328613,47885.171875,0.000366,20.977041,214.904007,0.017126,754.834351,0.122257
47,48,1,4715.787109,7187.403320,33149.542969,0.000000,20.769087,208.135925,0.000000,755.481873,0.114286
48,49,1,4450.316895,7396.267090,43361.890625,0.005803,20.321819,201.542587,0.080407,750.538025,0.156550
49,50,1,4158.803711,7495.993652,30258.292969,0.288591,19.471060,119.366447,0.069764,449.672760,0.138889
50,51,1,4077.699951,7072.046387,42748.214844,0.002627,22.920607,203.672226,0.029648,1051.399536,0.097403
51,52,1,3985.920898,9587.355469,51931.652344,0.000000,35.041214,210.876740,0.179452,1708.452393,0.138264
52,53,1,3664.864746,5901.702637,28489.128906,0.001009,19.189116,195.655838,0.135179,644.569214,0.158576
53,54,1,3643.476562,6333.007324,40707.621094,0.006228,20.367798,191.361847,0.000000,744.756958,0.157051
54,55,1,3509.635742,5260.867676,32552.939453,0.003372,20.873440,202.354813,0.070999,848.376099,0.134483
55,56,1,4955.864746,10762.631836,49088.097656,0.003766,37.838547,215.989792,0.088290,2273.462891,0.166154
56,57,1,3413.552734,7298.802734,75992.664062,0.057081,18.718567,195.454742,0.076388,622.387939,0.135762
57,58,1,3611.760010,8655.983398,42686.101562,0.000000,20.015533,208.805435,0.000000,551.243042,0.125000
58,59,1,4237.382812,6446.080566,30666.169922,0.002297,17.876820,198.377151,0.000000,493.868103,0.202614
59,60,1,4681.409180,9646.018555,52257.019531,0.008184,31.459038,154.068817,0.223808,1053.078979,0.180851
60,61,1,2881.450195,5306.169434,30050.646484,0.000000,18.925398,182.359207,0.000000,656.486755,0.122581
61,62,1,3354.550293,6897.076172,67139.523438,0.013597,21.610941,196.227097,0.079578,935.257263,0.120401
62,63,1,5955.972656,7777.927734,43555.980469,0.011108,20.353346,190.950226,0.078271,767.750916,0.156584
63,64,1,3291.384521,7296.423340,45796.406250,0.001542,40.029259,214.785477,0.097598,2316.412109,0.077170
64,65,1,4831.864746,7092.436035,46345.996094,0.000545,20.657337,215.065399,0.000000,783.230774,0.056338
65,66,1,3459.967285,7964.392578,38224.289062,0.001054,22.138357,204.408859,0.081623,867.150574,0.124620
66,67,1,4158.353516,8986.793945,44396.003906,0.000233,23.599464,223.695084,0.090337,1109.206177,0.197640
67,68,1,4856.490723,10664.853516,50745.648438,0.000038,33.431091,219.440582,0.067521,1606.001831,0.132308
68,69,1,2900.172119,6155.658203,38086.699219,0.025675,21.530680,212.936966,0.180257,755.604126,0.113846
69,70,1,3601.504395,5859.944336,33803.617188,0.000850,20.178312,201.557831,0.086409,687.861511,0.207430
70,71,1,4134.565430,8607.639648,41302.984375,0.021465,20.171520,208.190628,0.158783,600.791077,0.131098
71,72,1,3554.361572,7159.291992,46684.445312,0.000000,38.967773,215.349762,0.738292,1952.969482,0.078689
72,73,2,4648.249512,6156.082031,32504.222656,0.026440,19.206491,191.923462,0.000000,678.250366,0.207143
73,74,2,3870.988525,5147.582520,35888.957031,0.011366,18.129059,180.435669,0.070075,576.030029,0.193309
74,75,2,5944.031738,8428.365234,69755.875000,0.972488,21.550133,192.816681,0.120103,944.668396,0.172662
75,76,2,2961.208008,5886.752930,35748.906250,0.002710,18.533340,211.628586,0.000000,518.668518,0.107143
76,77,2,5998.074707,8094.878906,37740.410156,0.026087,20.725437,218.408997,0.013073,842.036682,0.211073
77,78,2,4587.248047,7917.919434,44070.492188,0.058794,18.906059,208.720306,0.000000,573.719910,0.057432
78,79,2,5270.121582,6851.879883,41847.781250,0.039834,20.219481,209.064056,0.160192,761.803650,0.178082
79,80,2,4096.889160,6558.157715,38429.421875,0.000044,19.365189,179.390961,0.059351,623.716370,0.114007
80,81,2,4821.443359,7599.461426,73200.062500,0.015602,21.884806,210.509888,0.149575,974.656677,0.173145
81,82,2,4984.364258,6995.790039,32751.386719,0.052067,19.842903,181.504364,0.091137,670.419373,0.134948
82,83,2,4379.632812,6674.469727,38762.855469,0.122766,21.441782,216.852493,0.000000,889.175781,0.109272
83,84,2,3847.536865,6476.034180,40610.843750,0.001713,22.636806,209.793747,0.182638,1046.116943,0.132450
84,85,2,5066.524902,8514.617188,62100.988281,0.002691,18.657722,207.481186,0.000000,618.881653,0.233898
85,86,2,4740.806152,6008.586914,40118.191406,0.000695,21.635775,206.949020,0.081157,915.034851,0.169065
86,87,2,5228.041992,7108.942383,47934.746094,0.220757,19.292040,200.181931,0.073079,602.427063,0.154412
87,88,2,4263.262695,6485.629883,41181.960938,0.051291,18.454222,169.942886,0.000000,548.271423,0.124138
88,89,2,4199.667480,7195.600586,45974.917969,0.083639,21.386702,213.137299,0.153387,826.936707,0.128527
89,90,2,4121.209473,8016.259766,86545.164062,0.049722,20.239719,213.323792,0.077006,710.027100,0.047297
90,91,2,4855.787109,7952.381348,34627.027344,0.001480,19.919722,208.484131,0.154702,670.813965,0.061093
91,92,2,4208.306641,7157.400391,65123.929688,0.036955,19.794214,193.726410,0.000000,776.760498,0.256757
92,93,2,3931.481934,6500.497070,44801.855469,0.016192,21.067621,204.299820,0.043940,852.291199,0.115894
93,94,2,4218.862793,7927.033691,89040.234375,0.001823,19.657444,155.280563,0.087755,532.834290,0.212963
94,95,2,3482.630127,5827.513672,29683.300781,0.000172,19.335222,197.946350,0.071246,660.798035,0.198113
95,96,2,4897.496094,7370.820312,36704.929688,0.171223,35.404484,151.839371,0.000000,1333.866699,0.178378
96,97,2,3808.478027,6213.516113,44994.156250,0.001480,18.866947,199.396851,0.000000,669.736145,0.183607
97,98,2,3855.699707,6164.611328,40616.109375,0.078011,17.871756,204.436584,0.090185,503.645691,0.103333
98,99,2,4182.895020,6144.578125,27518.201172,0.188656,20.133795,209.274765,0.119887,708.737000,0.183871
99,100,2,6315.072754,5975.532715,35717.050781,0.419114,19.361212,201.438370,0.088240,623.398926,0.139706
100,101,2,6653.630859,8155.280762,79185.648438,0.063456,20.784391,173.814316,0.000000,742.849976,0.105839
101,102,2,5139.279297,8186.522949,38025.246094,0.000000,21.372894,208.993912,0.000000,940.079956,0.101695
102,103,2,3685.405029,7483.438965,77949.187500,0.005005,20.597042,199.854523,0.065863,893.137390,0.121212
103,104,2,3356.734131,5703.196777,29965.484375,0.004571,20.750416,198.358063,0.000000,769.898987,0.224684
104,105,2,4231.640137,6989.409180,37987.097656,0.052963,20.894098,212.249741,0.253850,882.463928,0.124161
105,106,2,3945.765137,5588.478516,32744.593750,0.000005,18.468103,201.498138,0.076352,601.742126,0.139932
106,107,2,3976.198242,6784.706543,38008.718750,0.144470,19.475958,163.882919,0.000000,605.570801,0.105263
107,108,2,3546.621094,6274.767090,26854.177734,0.001274,18.824257,209.944443,0.090057,523.571838,0.146417
108,109,2,3821.480225,6522.812988,37263.476562,0.000000,20.813128,215.071548,0.086826,767.089111,0.172524
109,110,2,4900.570312,7928.630859,73366.437500,0.000546,19.506802,210.983109,0.050820,658.792480,0.153595
110,111,2,3775.100342,7187.028809,43416.894531,0.000000,17.820221,110.383484,0.000000,381.860565,0.090909
111,112,2,3953.794189,7368.304688,41870.871094,0.000000,18.348038,188.995544,0.337134,559.838745,0.102990
112,113,2,5268.837402,7505.576172,33025.261719,0.000358,21.821095,205.968338,0.150824,968.909241,0.223301
113,114,2,4409.736328,6258.135742,30506.355469,0.000000,20.787725,208.606735,0.117013,746.264465,0.252366
114,115,2,7561.260742,9483.739258,76409.906250,0.001097,22.037413,210.416382,0.399854,792.491455,0.106299
115,116,2,4610.654785,7362.020020,62228.777344,0.000525,21.285727,196.900925,0.093000,949.776367,0.190635
116,117,2,3708.115234,6863.320312,59371.808594,0.000020,18.795891,152.554718,0.087293,557.063232,0.120915
117,118,2,3818.088867,6391.468262,40000.046875,0.000136,22.050898,208.485962,0.000000,847.146973,0.226708
118,119,2,4430.392578,7506.410156,50751.707031,0.139659,18.748962,207.684845,0.193194,642.776062,0.242623
119,120,2,4835.181641,7298.878906,65831.031250,0.001767,19.412266,206.746628,0.072613,668.304810,0.105960
120,121,2,4682.115234,7002.350586,44746.738281,0.268487,20.714668,209.099899,0.160192,790.080872,0.145270
121,122,2,3763.796875,5836.477539,28912.994141,0.005190,22.299715,212.471375,0.087655,847.557129,0.145963
122,123,2,4994.802734,7719.708496,36285.468750,0.009112,19.686789,213.241745,0.000000,682.434204,0.094077
123,124,2,5376.357422,8096.576660,60750.523438,0.038569,21.534805,206.393417,0.085273,878.966492,0.237179
124,125,2,4355.517578,9138.085938,43047.894531,0.000000,20.468641,200.438858,0.080688,708.054565,0.183976
125,126,2,4138.932617,7667.524902,44254.585938,0.017573,21.547094,202.861877,0.047151,759.660461,0.197605
126,127,2,4276.966309,7201.996094,27371.800781,0.000000,20.958923,206.638794,0.079189,674.036865,0.153846
127,128,2,3611.744629,5431.217773,33623.195312,0.000016,20.125525,207.161255,0.000000,547.720093,0.294833
128,129,2,4293.194336,6807.946289,29478.964844,0.000000,21.042332,201.293762,0.000000,879.572327,0.174342
129,130,2,5408.272461,8028.813965,42865.437500,0.002768,20.997887,202.149902,0.004628,806.802917,0.160883
130,131,2,3884.744873,7237.518555,38094.250000,0.001034,20.517132,202.920441,0.000000,658.930359,0.065217
131,132,2,3751.858887,6972.654297,59092.191406,0.059412,20.285419,198.848801,0.077745,822.078186,0.201278
132,133,2,3065.778564,6484.842773,56789.304688,0.132502,20.054066,159.180557,0.085543,641.528870,0.088889
133,134,2,4014.105957,6509.875977,40979.492188,0.000525,18.067036,196.139084,0.066779,542.811340,0.134948
134,135,2,3429.795410,5747.113281,34568.019531,0.000394,19.930328,187.681320,0.048585,778.098022,0.110390
135,136,2,3822.552734,6675.857422,29424.333984,0.033223,19.511509,163.715454,0.000000,572.112061,0.140625
136,137,2,4318.931152,7463.245605,51664.078125,0.007867,19.373159,221.662201,0.064652,630.321960,0.065068
137,138,2,3753.005859,6753.938477,44717.878906,0.000182,20.451172,201.182495,0.017126,837.039368,0.113402
138,139,2,3987.864502,6400.123535,32070.955078,0.010135,19.630760,203.184555,0.003968,693.300903,0.115132
139,140,2,3803.227051,6657.411621,38390.503906,0.106993,19.971710,203.664673,0.026315,663.481384,0.092063
140,141,2,4962.026367,6997.713867,40569.855469,0.028427,19.833553,220.048767,0.099941,699.319519,0.127869
141,142,2,3001.046387,6007.120605,57893.601562,0.000131,20.819817,187.605408,0.071246,903.407349,0.232258
142,143,2,3154.836182,6459.450684,62092.953125,0.009483,18.065159,173.041214,0.000000,480.611389,0.174603
143,144,2,3221.516602,6628.188965,32559.257812,0.014094,21.074715,179.932556,0.133861,796.277954,0.143312
144,145,2,4391.800781,7288.576660,39401.457031,0.000149,22.270449,195.202301,0.000000,929.282837,0.215625
145,146,2,3203.892822,5072.613281,33856.445312,0.003777,18.089674,178.145584,0.069503,610.598511,0.164430
146,147,2,2916.369873,3913.036377,20541.191406,0.000000,17.374035,173.879639,0.000000,537.486267,0.201954
147,148,2,4903.232422,6717.712891,43587.703125,0.041739,21.223145,212.796799,0.098356,852.625183,0.115646
148,149,2,11208.703125,8770.527344,75598.187500,8.975427,24.569286,209.988693,0.095122,996.553345,0.028112
149,150,2,3086.861328,5730.378418,35492.589844,0.004470,19.011646,179.482529,0.091082,744.067749,0.131313
150,151,2,3945.536133,7586.764160,38946.101562,0.002892,19.415791,196.369339,0.166084,543.015869,0.174847
151,152,2,1605.269653,5277.837402,51996.273438,0.001203,19.884378,215.199280,0.119387,512.548950,0.051672
152,153,2,3556.709961,6442.394531,41603.882812,0.001276,21.053326,208.607117,0.000000,726.595276,0.177019
153,154,2,3529.382568,5825.113281,34935.199219,0.011135,18.961962,139.962631,0.000000,561.057983,0.088235
154,155,2,3255.043213,6176.112793,40392.707031,0.521307,20.658331,210.947937,0.157399,727.359863,0.091195
155,156,2,5325.060059,8714.518555,85922.601562,0.000020,19.325890,212.319138,0.000000,636.263123,0.108197
156,157,2,4024.592041,6030.701172,32799.898438,0.000000,19.372337,203.176376,0.090057,659.454712,0.077922
157,158,2,3176.825928,6118.405273,33378.023438,0.137958,19.454292,124.470398,0.084694,610.836792,0.094406
158,159,2,3877.280518,6427.381836,45607.960938,0.004598,18.826263,208.392639,0.119387,636.278748,0.094276
159,160,2,3779.670410,6278.791016,29885.689453,0.002313,19.713930,204.336594,0.000000,648.969971,0.103448
160,161,2,4203.169434,6770.665527,39965.753906,0.011429,20.360003,198.516403,0.225008,814.898560,0.148649
161,162,2,4284.438477,6221.999512,43931.207031,0.000073,19.846338,194.502228,0.000000,643.082520,0.139623
162,163,2,3708.614746,5931.847168,26707.513672,0.000000,20.737642,209.744919,0.079189,814.710571,0.133117
163,164,2,4884.428223,8204.500000,77452.742188,0.015313,18.711922,203.299423,0.146089,609.109070,0.196774
164,165,2,4027.012695,6452.168945,47553.316406,0.000898,22.056923,179.280533,0.062667,975.166321,0.178571
165,166,2,4045.962158,6385.607910,44182.902344,0.237165,19.150431,217.415421,0.000000,636.034241,0.143836
166,167,2,5001.028320,6729.553711,50000.285156,0.002878,18.500893,115.286736,0.000000,442.944824,0.081560
167,168,2,4018.701660,7065.636719,56172.996094,0.017162,20.969479,168.736755,0.089163,635.867126,0.153846
168,169,2,5431.044922,6594.405762,34986.992188,0.001450,19.855539,214.248138,0.170795,606.962036,0.159375
169,170,2,9520.337891,9361.579102,50583.414062,0.179310,23.560869,114.546982,0.061673,498.636993,0.069892
170,171,2,10418.716797,10552.376953,44046.187500,0.015996,18.929619,205.286957,0.048239,616.870056,0.10333
171,172,2,5192.818359,7104.262695,62590.582031,0.100643,19.040350,207.175262,0.121919,586.048096,0.153584
172,173,2,5096.855469,6552.044922,46806.863281,0.016145,18.886280,175.123566,0.017386,548.052917,0.233728
173,174,2,4850.214844,8730.541992,88548.859375,0.026461,18.374939,214.948273,0.079189,525.915649,0.108844
174,175,2,4509.666992,5779.295898,40136.917969,0.000449,18.809042,177.730057,0.066646,628.308777,0.220497
175,176,2,6221.214844,8732.166016,50227.351562,0.004805,17.598164,175.673492,0.017547,481.209900,0.261006
176,177,2,6360.946289,8422.708008,64940.000000,0.340215,19.209610,185.920197,0.000000,717.648376,0.145763
177,178,2,6302.842773,8275.173828,49286.687500,0.001030,23.012329,210.484344,0.000000,1134.006348,0.150685
178,179,2,7317.747070,7578.713867,47278.164062,0.000000,20.877365,197.511246,0.082309,609.176331,0.061728
179,180,2,4061.691406,5780.735840,40125.234375,0.019020,18.174759,189.689865,0.000000,580.897705,0.250000
180,181,2,3719.000488,5267.968262,28186.513672,0.004148,17.002258,172.479996,0.000000,394.242706,0.162080
181,182,2,2237.553955,4104.795410,47121.414062,0.042201,18.187101,177.746155,0.030649,534.616821,0.141066
182,183,2,6336.250000,4904.573242,36945.960938,0.093911,16.618671,170.677567,0.005952,579.654663,0.280936
183,184,2,3792.844482,6893.499512,34717.984375,0.000000,20.756468,216.950043,0.014012,801.026917,0.092715
184,185,2,2791.179199,4870.860352,42478.769531,0.033790,18.030832,152.605698,0.019194,532.137512,0.138462
185,186,2,4766.592285,6556.409180,55901.539062,6.875288,18.726736,161.476456,0.065748,609.885742,0.442073
186,187,2,2582.468262,3081.984131,18459.683594,0.685818,17.635302,163.943405,0.019085,588.708618,0.197368
187,188,2,5414.148926,7515.949707,41376.410156,0.001541,19.068411,159.331619,0.082327,511.176086,0.166113
188,189,2,3828.481445,6286.034180,36837.554688,0.000297,18.488005,199.068283,0.131950,531.800720,0.148026
189,190,2,4348.798828,7560.790527,76669.914062,1.518822,21.436884,171.383011,0.000000,721.835144,0.055728
190,191,2,5119.590332,7170.087891,55247.507812,0.046977,17.523451,194.030182,0.158783,469.862823,0.255245
191,192,2,5608.791016,8410.000977,77441.234375,0.003243,22.114122,206.008560,0.031886,965.344482,0.191638
192,193,2,4460.699707,7166.159668,38166.722656,0.000284,18.736103,189.689865,0.000000,612.213074,0.150641
193,194,2,4055.090088,6465.048828,29117.435547,0.006350,18.709562,196.906342,0.000000,613.607544,0.204013
194,195,2,5080.264648,8170.768066,69700.742188,0.000373,20.353292,210.735641,0.064788,744.059570,0.162420
195,196,2,4171.721191,6531.177734,31887.769531,0.035645,20.562611,216.323898,0.000000,782.382812,0.100334
196,197,2,5431.006348,8631.905273,62809.773438,0.072305,18.904442,202.076950,0.000000,593.593689,0.053191
197,198,2,1976.985596,5103.957520,49491.976562,0.000984,19.227407,178.587509,0.010746,696.032410,0.181818
198,199,2,4141.734863,6170.609375,38976.738281,0.792163,20.473351,204.905502,0.084517,807.112183,0.110320
199,200,2,4921.784668,9640.631836,75912.156250,0.088499,21.222427,210.735657,0.000000,815.613281,0.172840
200,201,2,4625.892090,6373.979980,37183.546875,0.049461,18.768547,193.988800,0.022571,627.720764,0.155405
201,202,2,4360.379883,7675.629395,44946.046875,0.000000,17.063505,145.771103,0.000000,473.003448,0.147260
202,203,2,4761.680176,7713.390625,37294.320312,0.047924,26.184687,161.195847,0.077202,1079.021851,0.132743
203,204,2,4906.362305,9804.899414,58615.246094,0.235786,36.968269,211.284119,0.281739,2123.564941,0.175497
204,205,2,5223.610352,6863.890625,78389.789062,0.032279,22.245966,180.705734,0.046180,1034.709839,0.193103
205,206,2,5307.901855,7690.092285,45212.558594,0.074244,21.436213,179.704391,0.078307,941.484192,0.196667
206,207,2,4285.048340,6440.765137,47626.082031,0.100262,19.821056,174.762238,0.046289,665.852600,0.125850
207,208,2,4422.767090,6633.864258,36827.445312,0.000380,19.639278,179.650696,0.000000,671.811279,0.089109
208,209,2,4004.570801,5775.030762,24812.517578,0.000000,19.680502,181.164139,0.132032,708.043884,0.203226
209,210,2,4165.788574,6286.486328,35650.832031,0.000000,21.531336,182.017151,0.152095,916.491760,0.176871
210,211,2,5214.714355,7243.938477,77595.117188,0.001255,21.764435,199.943680,0.090057,1026.167603,0.164948
211,212,2,4585.062500,7965.515137,72552.796875,0.007692,20.489491,221.771790,0.017355,801.832520,0.099668
212,213,2,5446.405762,9775.117188,73355.312500,0.021161,17.984568,213.847763,0.000000,520.665527,0.126667
213,214,2,3870.343018,6758.350098,52704.902344,0.001610,20.616491,135.101471,0.000000,743.294617,0.066434
214,215,2,4148.250977,6045.213379,29131.294922,0.075003,19.952068,213.725357,0.310634,692.586426,0.121622
215,216,2,5208.531738,9705.226562,48556.902344,0.054014,34.912827,219.973572,0.004663,1674.072876,0.157343
216,217,2,3689.531250,7669.774902,50220.914062,0.001938,20.485256,208.996063,0.000000,693.614807,0.100946
217,218,2,5071.383301,9708.714844,78732.218750,0.075825,19.431009,189.809616,0.084517,562.724304,0.048232
218,219,2,4098.251953,6209.022461,31223.152344,0.002751,21.627352,210.133392,0.099502,928.282654,0.111465
219,220,2,3758.643066,7851.910645,42834.175781,0.000000,32.427280,233.955704,0.061786,2319.170654,0.106796
220,221,2,3698.785645,6127.099121,37526.554688,0.003720,21.377453,213.577850,0.004916,944.448792,0.218855
221,222,2,4296.681152,6546.687500,49824.710938,0.009092,22.684732,224.554901,0.085588,991.020630,0.180645
222,223,2,3715.616699,6404.505859,36034.718750,0.020693,18.667511,194.139893,0.138926,634.666809,0.132450
223,224,2,4249.688965,6431.061523,32966.113281,0.206956,20.318436,212.927933,0.177078,762.247803,0.042071
224,225,2,5522.004883,7509.284180,42661.800781,0.012005,20.632982,210.656250,0.031243,788.301575,0.085714
225,226,2,4405.049316,7161.863281,30598.154297,0.000065,22.456354,213.407562,0.000000,977.824951,0.105769
226,227,2,3787.445068,7043.743164,55972.812500,0.000413,19.471560,206.242477,0.000000,621.333130,0.113636
227,228,2,3891.939209,6637.898438,35100.039062,0.003314,18.746437,138.199600,0.055705,511.919464,0.099010
228,229,2,3961.042236,6084.049316,32636.472656,0.039995,19.930004,147.184891,0.088195,669.146912,0.179739
229,230,2,4071.084229,6682.966797,37635.453125,0.010688,20.565678,201.323990,0.000000,844.442078,0.133550
230,231,2,4781.064453,9709.041992,79688.843750,0.004064,21.560474,208.921051,0.000000,832.500305,0.134375
231,232,2,2969.386963,6643.976562,77343.898438,0.004818,21.579933,175.942490,0.054715,700.789673,0.130303
232,233,2,4852.351074,6729.535156,37015.089844,0.058901,21.254889,201.883438,0.160192,855.834290,0.153571
233,234,2,5591.288574,6746.727539,38231.593750,0.000000,22.282108,204.349518,0.176295,919.536865,0.011321
234,235,2,5081.931152,6929.225098,35138.988281,0.000000,20.012926,198.119873,0.000000,740.553955,0.175676
235,236,2,3394.845947,6229.458496,34831.765625,0.001239,21.831326,214.612259,0.086042,929.268433,0.048387
236,237,2,3963.184570,7141.701172,41671.113281,0.063856,21.697008,202.384262,0.073711,830.154480,0.189441
237,238,2,4299.039551,7115.858398,40209.550781,0.000156,19.777870,204.411469,0.076352,743.705383,0.093023
238,239,2,3955.404053,6329.640625,41424.121094,0.005603,19.888763,207.529099,0.017698,741.406128,0.079470
239,240,2,5204.966797,7728.928711,60191.718750,0.022150,20.903849,223.026062,0.158783,747.913086,0.185315
240,241,2,4892.983398,7169.602539,40003.980469,0.463291,21.964649,197.588806,0.000000,1032.332031,0.167808
241,242,2,4479.500000,7614.484375,56175.714844,0.006605,17.633390,181.413452,0.000000,535.732300,0.145215
242,243,2,5189.624023,9469.963867,75845.656250,0.886397,17.669952,201.811569,0.000000,496.132904,0.108108
243,244,2,4135.277344,5966.434082,37148.128906,0.002447,20.194132,209.132629,0.048354,758.776306,0.213115
244,245,2,3047.512207,4876.403320,32785.367188,0.007743,20.899420,186.520676,0.000000,912.958313,0.174061
245,246,2,4220.456055,7504.833008,86436.960938,0.091795,20.002113,214.263260,0.000000,697.616089,0.131313
246,247,2,5608.500488,8405.918945,85454.664062,0.552213,20.413807,164.673706,0.022517,731.616638,0.108392
247,248,2,4655.719238,8262.991211,84291.406250,0.000226,19.584415,133.597321,0.000000,596.159607,0.163823
248,249,2,6127.370605,9748.180664,75648.218750,0.000152,20.674288,216.532135,0.097269,818.439514,0.070922
249,250,2,3761.118652,5981.894043,33293.863281,0.220627,20.108591,194.342728,0.008908,833.194702,0.131313
250,251,2,5183.479492,7038.638184,50711.390625,0.001231,20.909555,219.010117,0.043242,836.881531,0.137457
251,252,2,5347.358887,6071.886719,29137.734375,0.000000,20.756979,146.362747,0.062750,790.826355,0.143443
252,253,2,5373.226074,7373.932129,35409.332031,0.108066,22.158022,209.267532,0.017976,972.536926,0.154122
253,254,2,6003.086914,8403.754883,49680.964844,0.008768,20.385424,221.988449,0.085273,824.779419,0.165563
254,255,2,4446.655762,6573.718262,34186.574219,0.069991,19.961376,209.510574,0.072648,694.803467,0.146259
255,256,2,13083.335938,7525.225586,37717.863281,137.306961,22.947054,217.516418,0.061411,744.388916,0.0672
256,257,2,7084.706055,7402.749023,36411.207031,0.002306,21.160006,213.441864,0.000000,790.167175,0.160714
257,258,2,3846.589111,6161.205566,46992.226562,0.003640,20.598604,207.644440,0.000000,750.466248,0.110390
258,259,2,4788.537109,7181.823242,44796.050781,0.000560,21.861151,211.230774,0.170795,957.202087,0.156550
259,260,2,3716.329834,5990.447266,32561.503906,0.000250,20.397890,158.303391,0.089264,730.651672,0.160256
260,261,2,4029.080811,5784.886719,41882.800781,0.000000,21.080305,190.963943,0.000000,888.027466,0.172757
261,262,2,6360.233887,7524.403809,46481.570312,0.017941,23.169947,213.224426,0.077745,1003.290833,0.116788
262,263,2,4618.074707,6159.051270,39476.207031,0.118380,21.183262,205.432617,0.074354,792.451050,0.154982
263,264,2,4528.237793,7719.862305,32916.304688,0.003109,24.138292,206.651749,0.086725,919.651428,0.106109
264,265,2,4944.717773,6907.947266,31974.535156,0.050372,23.409252,211.035233,0.092735,1177.460449,0.127869
265,266,2,4765.389160,6348.583008,34837.679688,0.000000,22.421227,206.483261,0.000000,1007.977356,0.125000
266,267,2,4010.395264,5856.014648,29428.537109,0.000064,19.630697,208.533310,0.157399,666.815674,0.111913
267,268,2,4381.547363,7840.790527,50400.996094,0.002529,23.136295,181.536987,0.059991,989.747253,0.195046
268,269,2,4017.168701,5724.450684,36387.894531,0.000723,25.655273,210.114182,0.080930,1370.520996,0.085821
269,270,2,5058.861328,6393.580566,40158.332031,0.002069,27.262636,208.939590,0.000000,1280.259644,0.161826
270,271,2,5223.747070,6549.705566,41270.574219,0.018298,21.437412,201.021530,0.000000,875.829651,0.129964
271,272,2,5235.903809,6958.033691,32106.923828,0.001796,20.413696,181.185242,0.087624,785.956421,0.169435
272,273,2,4289.542969,7071.206543,73831.921875,0.051267,20.801641,191.796265,0.000000,849.178101,0.163763
273,274,2,6011.374023,8140.789062,59570.945312,0.000379,21.235247,201.535660,0.090735,797.108276,0.187970
274,275,2,3799.761230,5184.955078,23282.427734,0.004722,17.300632,198.938049,0.087209,459.977692,0.135314
275,276,2,6420.004395,9373.318359,49785.734375,0.223410,18.496447,131.825668,0.087624,477.946991,0.096886
276,277,2,3798.746094,5755.789551,40443.902344,0.064225,19.908466,202.973267,0.000000,742.004517,0.150000
277,278,2,4314.524902,5570.567383,39742.128906,0.015285,20.684443,187.254623,0.078460,754.485718,0.197719
278,279,2,5233.033691,6743.269043,28220.660156,0.018717,20.465004,205.912933,0.174008,785.243652,0.186275
279,280,2,7821.636719,8685.945312,48913.800781,0.483858,20.955231,184.176971,0.077042,805.126831,0.096990
280,281,2,3741.492920,5744.437012,29031.166016,0.000000,21.899710,192.694931,0.098653,954.278442,0.132450
281,282,2,4605.713379,7811.342773,68479.203125,0.008173,21.639338,213.164688,0.084694,914.930603,0.137457
282,283,2,5296.669922,6257.504883,37721.156250,0.516659,17.418369,197.795929,0.072648,468.419800,0.257627
283,284,2,4040.925049,6801.448242,45329.917969,0.000000,19.989906,206.251785,0.090925,670.289185,0.109325
284,285,2,3812.262451,6147.013672,41932.902344,0.000252,19.227245,205.910538,0.160192,604.484924,0.134058
285,286,2,4354.126953,6564.763184,30905.685547,0.000041,18.741579,170.577332,0.003638,580.999390,0.190141
286,287,2,4342.917969,6759.106934,42046.382812,0.026515,25.820766,202.331146,0.083045,1369.324707,0.098592
287,288,2,6424.776367,8616.079102,33811.355469,0.153799,19.516266,200.733658,0.082631,757.864502,0.192810
288,289,2,4441.082031,6163.208008,40691.625000,0.046586,18.369736,201.139633,0.004425,607.355591,0.143836
289,290,2,6375.455078,10043.971680,50487.589844,0.254195,19.749952,197.746933,0.007516,687.946106,0.152824
290,291,2,6657.629395,7763.707031,37140.781250,0.121862,19.582672,203.982574,0.083045,656.026062,0.268852
291,292,2,4198.672852,7601.929688,55664.664062,0.013082,23.094620,185.559708,0.053271,1050.880371,0.121875
292,293,2,4051.911377,6164.433105,37794.019531,0.001994,22.487720,156.866745,0.000000,952.523132,0.104730
293,294,2,3063.327393,6134.998535,51003.425781,0.000000,22.165209,195.144089,0.182692,1095.049316,0.178571
294,295,2,3541.124268,6664.933594,36866.996094,0.038025,19.302971,209.019409,0.004396,592.114563,0.080906
295,296,2,4625.637695,8790.603516,43900.902344,0.970931,19.557943,190.779388,0.107053,574.188293,0.144118
296,297,2,4394.394531,8374.055664,81146.148438,0.001442,22.317089,211.093048,0.267275,1063.192993,0.098039
297,298,2,3904.578857,6339.088867,57977.359375,0.032675,20.035711,217.117996,0.088195,748.180908,0.063830
298,299,2,3868.466064,6477.816895,38050.039062,0.007284,19.059914,193.938339,0.082327,660.067566,0.106312
299,300,2,4234.262207,6585.367188,47017.761719,0.020757,20.797480,191.311035,0.081623,884.652222,0.158576
300,301,2,4219.952148,9321.266602,79112.664062,0.002018,19.589144,208.278564,0.000000,654.575684,0.076655
301,302,2,4321.133789,6504.607422,36578.183594,0.000005,19.224178,188.430847,0.207631,666.749573,0.184564
302,303,2,3782.205811,5996.644043,30225.054688,0.274223,21.140978,197.514496,0.153504,939.096252,0.252459
303,304,2,4519.989746,5794.236328,34890.453125,0.000000,19.819214,197.533997,0.232416,716.086060,0.113971
304,305,2,4623.870605,7015.494141,37249.703125,0.002726,21.887503,213.757599,0.080688,991.399170,0.116197
305,306,2,3316.711914,5993.825195,44899.937500,0.000391,20.315792,198.852966,0.085273,766.980164,0.115254
306,307,2,5140.063477,6634.449707,68103.328125,0.160445,18.639004,193.705582,0.097040,647.701782,0.148936
307,308,2,6170.719727,7069.022461,56979.625000,0.282761,19.352180,194.600998,0.078107,612.222656,0.222615
308,309,2,3212.988281,5632.810059,35408.492188,0.000728,19.586828,200.604523,0.082327,687.401917,0.241158
309,310,2,3605.844971,7274.362305,74087.164062,0.000000,19.885288,207.603302,0.083045,726.195801,0.176667
310,311,2,3988.367920,6198.980469,41561.488281,0.117598,21.588675,173.518433,0.000000,878.980896,0.168459
311,312,2,4301.680176,7557.592773,83877.726562,0.098306,18.890177,199.708252,0.080248,572.425781,0.229032
312,313,2,4869.032715,7327.683105,42760.820312,0.000000,21.645613,205.485306,0.163085,975.861572,0.144262
313,314,2,4480.456543,6042.924805,36159.476562,0.007168,23.770744,169.434067,0.086409,1147.595581,0.184783
314,315,2,4803.493652,6508.491699,24596.003906,0.003316,18.681950,203.980026,0.000000,598.722534,0.140065
315,316,2,3387.442383,5517.681152,41220.671875,0.000046,21.101643,201.668777,0.000000,875.655212,0.196141
316,317,2,4405.227051,7224.472168,45213.363281,0.016592,20.168280,187.519455,0.000000,783.268799,0.225080
317,318,2,3925.324463,5590.274414,42785.722656,0.258235,19.388990,189.438766,0.096088,726.162842,0.204013
318,319,2,2932.090332,5794.595703,40159.332031,0.000017,17.115408,195.408188,0.000000,485.716003,0.122977
319,320,2,4756.834473,7380.986328,42369.804688,0.002387,20.623421,201.853455,0.022571,777.581787,0.132867
320,321,2,3915.603271,5694.347656,39414.375000,0.118091,21.941088,206.245667,0.009472,847.639343,0.109034
321,322,2,3861.887451,5907.385254,32367.644531,0.000313,19.180824,125.707146,0.016835,498.085114,0.240741
322,323,2,5572.636719,7367.357910,50874.585938,0.012038,19.408627,199.882568,0.000000,684.893127,0.194719
323,324,2,5385.438477,7466.587891,36385.847656,0.026778,21.535124,223.770996,0.000000,894.556885,0.049834
324,325,2,4310.781250,6903.886230,40875.832031,0.006247,18.103699,163.924484,0.045977,534.335144,0.270096
325,326,2,4571.671875,6350.610352,32634.996094,0.007560,17.854734,203.843689,0.050495,466.766937,0.157051
326,327,2,2669.463135,5205.137695,35546.375000,0.000077,18.969507,152.805817,0.186671,524.563660,0.164038
327,328,2,4885.647949,9477.682617,86365.570312,0.000475,18.357361,212.149826,0.048088,521.701538,0.101351
328,329,2,3938.832520,7396.434570,38043.000000,0.244317,19.720331,187.802841,0.022955,532.066772,0.130584
329,330,2,4684.065918,7465.632812,29534.501953,0.000000,20.315985,196.802124,0.103398,755.155090,0.198113
330,331,2,5124.649902,7505.350098,31608.113281,0.001144,20.042515,203.917419,0.035051,722.461304,0.145215
331,332,2,3533.579590,5643.801270,28869.458984,0.280934,18.197729,211.149231,0.121348,482.694580,0.151613
332,333,2,6066.885742,7458.681641,58460.710938,0.002484,20.966026,180.906387,0.257886,781.802612,0.155235
333,334,2,5989.052734,8392.048828,56988.171875,0.120154,23.694300,205.898285,0.000000,1031.757690,0.147287
334,335,2,4891.730957,6878.402832,50978.320312,0.017500,22.347155,212.428482,0.161462,890.697815,0.142857
335,336,2,3375.142578,6283.670410,34717.191406,0.054946,21.173050,205.131348,0.004396,792.720581,0.111821
336,337,2,4459.033691,5780.041016,41481.109375,0.011161,20.835238,192.616196,0.012920,811.883972,0.233333
337,338,2,5224.995605,6617.723145,34119.167969,0.345974,21.133472,207.008728,0.078307,868.326233,0.121528
338,339,2,5110.526367,6863.995605,31618.615234,0.084891,19.682707,206.473953,0.000000,750.324646,0.164875
339,340,2,3911.762939,7897.377441,42018.035156,0.018623,19.856472,203.958176,0.120222,560.051453,0.170279
340,341,2,4591.337891,6416.855469,49855.636719,0.000000,20.563322,203.054459,0.022571,643.906494,0.160920
341,342,2,3002.824219,6444.088379,43393.214844,0.004445,21.633116,213.515244,0.011833,822.731812,0.075472
342,343,2,2740.831787,6494.626465,39471.511719,0.068783,21.512011,206.868149,0.076579,751.012512,0.052632
343,344,2,4012.415039,7114.394531,36013.128906,0.001194,18.874315,167.429779,0.086042,514.903564,0.049020
344,345,2,3885.989502,8748.134766,76931.601562,0.000880,24.347757,209.118073,0.000000,1248.139771,0.059375
345,346,2,4677.937988,6889.994629,42220.625000,0.042190,22.482159,208.177704,0.043105,1018.836731,0.198582
346,347,2,4005.719971,6013.318848,39895.683594,0.004397,20.803535,208.030899,0.092780,834.955505,0.171141
347,348,2,4112.638184,8468.869141,71917.578125,0.000384,19.602325,202.361374,0.103318,710.390198,0.142373
348,349,2,5684.043945,7059.885742,55440.890625,0.601613,20.390247,212.909195,0.107034,691.861023,0.140221
349,350,2,2988.395752,4760.587402,27976.263672,0.000077,17.550119,184.919891,0.154051,493.851440,0.238596
350,351,2,3574.713867,5326.094238,34608.316406,0.069514,18.181107,179.789307,0.132032,602.967712,0.166090
351,352,2,5079.720215,6535.180176,28585.855469,0.002039,18.180361,195.625061,0.080930,504.400818,0.192982
352,353,2,4536.643555,6142.307617,30739.720703,0.000000,17.852673,201.314514,0.048239,474.972626,0.128378
353,354,2,4089.572998,5806.146484,35358.066406,0.002169,20.871834,198.164597,0.125926,869.389099,0.238255
354,355,2,4147.338379,7406.388184,46826.113281,0.001658,23.625774,175.750900,0.175779,979.348877,0.158055
355,356,2,5077.092773,7986.532227,53252.933594,0.471182,20.198792,215.509705,0.004628,757.769653,0.139373
356,357,2,5204.748535,6486.329590,41927.718750,0.014896,21.450005,213.688614,0.088778,923.671570,0.130000
357,358,2,4266.605957,6540.562988,39469.476562,0.000244,21.257364,218.497665,0.088778,829.324829,0.142857
358,359,2,5140.000488,7733.534668,55380.398438,0.013328,22.665981,205.328278,0.026315,1139.504883,0.164983
359,360,2,5426.741699,7645.238770,41529.234375,0.073977,19.280006,129.946381,0.086042,538.825806,0.024476
360,361,2,3867.537109,5937.142090,40181.613281,0.024593,20.340096,202.879608,0.000000,748.263000,0.145907
361,362,2,5640.078613,8776.497070,54750.421875,0.000000,21.666193,210.797256,0.085273,945.162964,0.130282
362,363,2,3631.227295,4497.016113,27287.056641,0.029837,17.520773,175.564499,0.000000,425.653320,0.279141
363,364,2,5015.125488,6987.536133,51100.484375,0.001233,19.951805,214.707642,0.191509,702.567322,0.153061
364,365,2,4437.803711,5241.522949,32731.337891,0.812112,21.759117,210.824036,0.097694,673.698547,0.120000
365,366,2,4621.904297,5978.478516,36743.953125,0.029844,16.832781,171.790512,0.010101,533.626526,0.282958
366,367,2,4488.641113,7941.853027,70667.570312,0.009456,20.473293,168.538498,0.086826,732.948120,0.081433
367,368,2,4090.062988,7241.125488,31983.167969,0.038815,22.180061,212.226318,0.132231,918.153015,0.136070
